,n,autodiff_mode,exp_type,error,time,log_error,log_time,exp_and_mode
0,3,rev,yield,62.7482351876797,6.117526747,1.7976015156665341,0.7865758768467306,yield_rev
1,3,rev,yield,1468.4778220991739,5.789441057,3.166867391912492,0.7626366366845692,yield_rev
2,3,rev,yield,55.21452696763026,6.298574298,1.7420533558426008,0.7992422566627571,yield_rev
3,3,rev,yield,20.600521567878438,6.161433243,1.3138782160576998,0.7896817474119747,yield_rev
4,3,rev,yield,276.1193338748028,5.97253898,2.441096817002063,0.7761589928704147,yield_rev
5,3,rev,yield,51.19393786008878,6.020424598,1.7092185369565955,0.7796271215013019,yield_rev
6,3,rev,yield,429.1203715455124,6.141404087,2.632579132197083,0.7882676736695349,yield_rev
7,3,rev,yield,0.7822960318552228,5.682396259,-0.10662887267836586,0.7545315157467468,yield_rev
8,3,rev,yield,74.7548571955002,6.362108213,1.8736394161893895,0.8036010517422795,yield_rev
9,3,rev,yield,335.47192152472553,5.996979543,2.52565617625708,0.7779325673674826,yield_rev
10,3,rev,yield,611.0249541455267,6.328660263,2.78605894711064,0.8013117823762959,yield_rev
11,3,rev,yield,94.91113729245433,5.977468897,1.9773171774521148,0.7765173249975299,yield_rev
12,3,rev,yield,26.236897594916783,6.135553045,1.418912480205724,0.7878537151586347,yield_rev
13,3,rev,yield,1606.877152611432,6.133926945,3.2059826757786993,0.7877385992349389,yield_rev
14,3,rev,yield,116.04825534842803,5.8104163,2.0646386157247583,0.7642072494842843,yield_rev
15,3,rev,yield,3.042577943255751,6.135132936,0.48324171258568194,0.7878239774535297,yield_rev
16,3,rev,yield,541.1131461208897,6.140231585,2.733288085066213,0.7881847513025526,yield_rev
17,3,rev,yield,140.0954534974887,6.007841869,2.146424041402893,0.7787184931831118,yield_rev
18,3,rev,yield,19.11777457916942,6.062077608,1.281437336463257,0.7826214919970279,yield_rev
19,3,rev,yield,151.70393933761184,6.388572268,2.1809968583765404,0.8054038119283813,yield_rev
20,3,rev,yield,24.986547199065292,6.111657331,1.3977062466828416,0.7861589961848214,yield_rev
21,3,rev,yield,81.46535384037354,6.231694504,1.9109729481870796,0.7946061547930293,yield_rev
22,3,rev,yield,160.41618805459768,6.254565322,2.205248192053161,0.7961971326039421,yield_rev
23,3,rev,yield,138.60801197278522,6.105301228,2.141788334568741,0.785707096361303,yield_rev
24,3,rev,yield,153.50405480577052,6.550397452,2.186119851842606,0.8162676520488267,yield_rev
25,3,rev,yield,9.001892637242689,6.189966027,0.9543338289389282,0.791688265445494,yield_rev
26,3,rev,yield,179.52121484609856,6.244243033,2.2541157785197603,0.7954797979516823,yield_rev
27,3,rev,yield,50.262681137856994,6.430165174,1.701245651234668,0.8082221289483924,yield_rev
28,3,rev,yield,312.90203667934185,6.469459,2.4954083899781554,0.8108679648822603,yield_rev
29,3,rev,yield,39.2523233766884,6.138033483,1.5938653680828492,0.7880292531805995,yield_rev
30,3,rev,yield,35.012794486518786,6.29239688,1.5442267746222638,0.7988161070469499,yield_rev
31,3,rev,yield,144.82322225430005,5.848010515,2.160838206117158,0.7670081448325625,yield_rev
32,3,rev,yield,1492.129969506823,6.78995723,3.173806653284962,0.8318670386643762,yield_rev
33,3,rev,yield,46.38038310811249,6.676058615,1.6663343316467736,0.824520141077806,yield_rev
34,3,rev,yield,209.151049596962,6.276825675,2.3204600483717055,0.7977400672460804,yield_rev
35,3,rev,yield,36.42466245740525,6.404596981,1.5613955359103726,0.806491806300117,yield_rev
36,3,rev,yield,211.3675033707369,6.22169797,2.325038217637342,0.7939089246212677,yield_rev
37,3,rev,yield,21.79581800248007,6.240538069,1.338373172839677,0.7952220368495951,yield_rev
38,3,rev,yield,3305.170141891993,6.553805255,3.5191938207907727,0.8164935322652378,yield_rev
39,3,rev,yield,830.8371243002366,6.469083913,2.919515893879579,0.810842784579428,yield_rev
40,3,rev,yield,845.8255953492232,7.243290687,2.9272808231030782,0.8599359146121235,yield_rev
41,3,rev,yield,1041.1067102877564,6.550995647,3.0174952456623227,0.8163073108524088,yield_rev
42,3,rev,yield,116.91785860321134,6.171994059,2.0678808524831624,0.7904254993508063,yield_rev
43,3,rev,yield,12.830186734385702,6.449279672,1.108232977273068,0.809511210457695,yield_rev
44,3,rev,yield,290.36994540701687,6.439156667,2.4629516629255646,0.8088289917617741,yield_rev
45,3,rev,yield,38.43804539366413,6.478738608,1.5847612953251085,0.8114904581991851,yield_rev
46,3,rev,yield,27.53031992289496,6.877931109,1.4398112582491462,0.8374578215105672,yield_rev
47,3,rev,yield,591.397994204479,7.388138731,2.771879847232027,0.8685350418226288,yield_rev
48,3,rev,yield,1707.465691402931,6.490059733,3.2323519860378553,0.8122486939641452,yield_rev
49,3,rev,yield,58.32397522455389,6.772776635,1.7658471168060164,0.8307667528857712,yield_rev
50,3,rev,yield,749.532518065845,6.48341309,2.8747904792259362,0.8118036935128368,yield_rev
51,3,rev,yield,375.38183050006387,6.912877203,2.5744732477618086,0.8396588423542753,yield_rev
52,3,rev,yield,29.60701370706885,6.364116314,1.4713946047568713,0.8037381084457491,yield_rev
53,3,rev,yield,32.23866310068215,6.731953348,1.5083770238267566,0.8281410976816276,yield_rev
54,3,rev,yield,340.5995777794506,7.08932564,2.532244105258501,0.8506049256265371,yield_rev
55,3,rev,yield,249.77816430130537,6.486659601,2.397554469514704,0.8120211081527968,yield_rev
56,3,rev,yield,4.876110836637696,6.507970935,0.688073568807104,0.8134456046831827,yield_rev
57,3,rev,yield,38.29209229462254,6.652985487,1.583109097013228,0.8230165760655155,yield_rev
58,3,rev,yield,97.58264712895692,6.392100643,1.9893725950624297,0.8056436042839459,yield_rev
59,3,rev,yield,136.78935399845332,6.552439373,2.1360522985563226,0.8164030112907688,yield_rev
60,3,rev,yield,515.4825434658027,6.270256811,2.7122139627236255,0.797285328600439,yield_rev
61,3,rev,yield,542.5903058086374,6.780951764,2.7344720301711996,0.8312906550534382,yield_rev
62,3,rev,yield,438.85320527394583,6.133661555,2.642319274682365,0.7877198086775983,yield_rev
63,3,rev,yield,255.43012510287954,6.269375979,2.4072721160848403,0.7972243155733242,yield_rev
64,3,rev,yield,103.42599027811589,6.322812455,2.0146296878490326,0.8009103001167825,yield_rev
65,3,rev,yield,47.3469632442761,6.228942302,1.6752921293045049,0.794414308071272,yield_rev
66,3,rev,yield,53.71212586090168,6.387915031,1.7300723415653732,0.8053591307267373,yield_rev
67,3,rev,yield,240.686421179477,6.939048538,2.38145158934785,0.8412999253504687,yield_rev
68,3,rev,yield,79.61630610256482,7.206904194,1.9010020240834524,0.8577487487427095,yield_rev
69,3,rev,yield,40.79211089506319,7.064608955,1.6105761796087736,0.8490881274887776,yield_rev
70,3,rev,yield,52.63662261127911,6.700847221,1.7212880153258616,0.826129716155129,yield_rev
71,3,rev,yield,1579.5518727543435,6.595914579,3.198533892780614,0.8192750226381639,yield_rev
72,3,rev,yield,297.05999729592395,6.760846072,2.4728441727618344,0.8300010482209852,yield_rev
73,3,rev,yield,7.218415306585217,6.538769545,0.8584418652781516,0.8154960311846743,yield_rev
74,3,rev,yield,86.36665544157388,6.499240879,1.9363461018208188,0.8128626333637287,yield_rev
75,3,rev,yield,594.1959151648018,6.626636305,2.773929661894633,0.8212931355124818,yield_rev
76,3,rev,yield,1.7433513186729508,6.368139419,0.2413849145836309,0.8040125629330616,yield_rev
77,3,rev,yield,2673.7738852140537,6.228385499,3.427124677213181,0.794375484902382,yield_rev
78,3,rev,yield,160.14513246304315,6.041692552,2.2045137430212787,0.7811586212406123,yield_rev
79,3,rev,yield,2.7271089182142525,6.32306036,0.4357024836089586,0.8009273276126502,yield_rev
80,3,rev,yield,336.4267664759951,6.553570198,2.5268905414373557,0.8164779556979213,yield_rev
81,3,rev,yield,265.82438421832177,5.92179405,2.4245948165079083,0.7724532992870076,yield_rev
82,3,rev,yield,84.30673126062555,6.591149461,1.9258622511685033,0.8189611598197515,yield_rev
83,3,rev,yield,259.3177232031218,6.125609156,2.4138321998633763,0.7871492832300155,yield_rev
84,3,rev,yield,57.96754869102493,6.162894752,1.7631849354842704,0.7897847510479027,yield_rev
85,3,rev,yield,150.36515431139014,6.001065243,2.177147204316503,0.7782283483993003,yield_rev
86,3,rev,yield,61.74807091176634,6.538310927,1.7906233942319187,0.8154655694516889,yield_rev
87,3,rev,yield,1203.7128579308617,7.360395268,3.080522899638688,0.8669011374491666,yield_rev
88,3,rev,yield,31.635644916200746,7.923876366,1.5001766923021187,0.8989376907455029,yield_rev
89,3,rev,yield,1055.3028292125762,7.038632081,3.023377102462279,0.8474882646253947,yield_rev
90,3,rev,yield,207.6606260728774,6.608061135,2.317354159027603,0.820074052240645,yield_rev
91,3,rev,yield,509.84443850624245,7.259847833,2.7074376862861405,0.8609275179478899,yield_rev
92,3,rev,yield,298.7940856095784,6.47276198,2.4753719967158334,0.8110896371935579,yield_rev
93,3,rev,yield,150.98866732616096,7.556044934,2.178944351912956,0.8782945319033462,yield_rev
94,3,rev,yield,61.486627064057615,5.763589496,1.788780669859659,0.760693041196304,yield_rev
95,3,rev,yield,354.8783719635161,5.74121642,2.5500795321085974,0.7590039182733386,yield_rev
96,3,rev,yield,28.31312734353957,6.345974351,1.4519878422732537,0.8024983124473941,yield_rev
97,3,rev,yield,24.08663612293401,5.841735551,1.3817761517934248,0.7665418930447641,yield_rev
98,3,rev,yield,151.979384169652,5.736762959,2.1817846803882737,0.7586669053600263,yield_rev
99,3,rev,yield,821.8631768110193,6.50385294,2.9147995225255428,0.8131707127722722,yield_rev
100,3,rev,yield,11.553528396540361,6.077754226,1.0627146361013367,0.7837431339719393,yield_rev
101,3,rev,yield,441.27842053663943,6.572109139,2.6447126900327174,0.8177047668859547,yield_rev
102,3,rev,yield,10.22183506816138,5.928330199,1.009528869226802,0.7729323851888619,yield_rev
103,3,rev,yield,844.7890264542793,6.449198196,2.926748263876638,0.8095057238293393,yield_rev
104,3,rev,yield,31.202385476363318,6.17009972,1.4941877978523634,0.7902921830763157,yield_rev
105,3,rev,yield,11.268780057508906,6.290672364,1.0518769024729417,0.7986970664896869,yield_rev
106,3,rev,yield,568.3001035348625,6.431739937,2.7545777351659964,0.8083284756954288,yield_rev
107,3,rev,yield,130.21881436165893,6.157660162,2.114673736790841,0.7894157167463338,yield_rev
108,3,rev,yield,70.07527924140473,6.471575818,1.8455648370460884,0.8110100435332681,yield_rev
109,3,rev,yield,47.29414863163019,5.841718479,1.6748074118965546,0.7665406238523872,yield_rev
110,3,rev,yield,6.432589839785765,6.282076648,0.8083858604324424,0.7981032309482509,yield_rev
111,3,rev,yield,1336.5245483027247,6.003049405,3.1259769399683544,0.778371917607179,yield_rev
112,3,rev,yield,119.01513591940105,5.772468274,2.0756021969241525,0.7613615546746022,yield_rev
113,3,rev,yield,106.3461333298714,5.955912248,2.026721703885871,0.7749482904081901,yield_rev
114,3,rev,yield,1140.519170330007,6.160177906,3.0571025894798907,0.7895932547745553,yield_rev
115,3,rev,yield,460.5478577188861,6.401664177,2.6632747664835548,0.806292887880407,yield_rev
116,3,rev,yield,484.3734140587083,6.396478707,2.6851802978804673,0.8059409585183548,yield_rev
117,3,rev,yield,155.19587884942464,6.306055033,2.1908801845979604,0.7997577565203432,yield_rev
118,3,rev,yield,237.10422254639934,5.986940107,2.3749392883192746,0.7772049135107238,yield_rev
119,3,rev,yield,45.18537675768985,6.122536855,1.6549979077985828,0.7869314080678756,yield_rev
120,3,rev,yield,265.76375911488253,6.450071447,2.4244957580607522,0.8095645253121662,yield_rev
121,3,rev,yield,613.6420850399695,5.811021066,2.7879151369152804,0.7642524498374951,yield_rev
122,3,rev,yield,847.6526072389538,6.308705847,2.9282179021734924,0.7999402782376628,yield_rev
123,3,rev,yield,66.07979841819576,6.312884229,1.8200687094636763,0.8002278249415644,yield_rev
124,3,rev,yield,18.967198149058152,5.936517358,1.278003181269569,0.7735317419902737,yield_rev
125,3,rev,yield,68.36487331252148,5.963975387,1.8348330133421518,0.7755358424750984,yield_rev
126,3,rev,yield,178.75981817630156,6.105611792,2.2522699042504097,0.7857291874582236,yield_rev
127,3,rev,yield,208.41402401392585,5.879023963,2.3189269389410345,0.7693052303842612,yield_rev
128,3,rev,yield,557.8966941919543,6.266699674,2.7465537880129034,0.7970388820224712,yield_rev
129,3,rev,yield,176.24216349262255,6.171357227,2.246109815436064,0.7903806861364147,yield_rev
130,3,rev,yield,501.05179850017527,6.588761632,2.699882625348192,0.818803795940366,yield_rev
131,3,rev,yield,677.4040123432319,5.981826549,2.8308477646932655,0.7768338159329624,yield_rev
132,3,rev,yield,733.1083303143809,5.817161933,2.8651681544249423,0.7647111534716503,yield_rev
133,3,rev,yield,35.34699099866462,5.837160198,1.5483524492985075,0.766201612472864,yield_rev
134,3,rev,yield,1.884787522564419,5.803476503,0.27526239805429237,0.7636882304176431,yield_rev
135,3,rev,yield,92.32237599659658,5.621158425,1.9653069729014807,0.7498258254875159,yield_rev
136,3,rev,yield,1786.9010367773762,5.820834133,3.252100500814752,0.7649852240659912,yield_rev
137,3,rev,yield,488.7705081801464,6.129580585,2.6891049932225717,0.7874307590450453,yield_rev
138,3,rev,yield,69.25622677777223,5.956559184,1.8404588265979165,0.7749954612638474,yield_rev
139,3,rev,yield,10.260711185649809,6.336307182,1.0111774634365338,0.8018362235394096,yield_rev
140,3,rev,yield,36.76176939455954,6.152497339,1.5653964064083126,0.7890514345393478,yield_rev
141,3,rev,yield,657.6250997162691,6.069638228,2.8179783806576726,0.7831628063527637,yield_rev
142,3,rev,yield,127.89141274640609,6.076022922,2.1068413848066236,0.7836194035843196,yield_rev
143,3,rev,yield,30.11484307574589,6.221610619,1.478780604464421,0.7939028271983808,yield_rev
144,3,rev,yield,1081.0640155529543,6.40715901,3.0338514116020128,0.8066655022513651,yield_rev
145,3,rev,yield,100.28030893815699,6.018102202,2.001215663239212,0.7794595588423715,yield_rev
146,3,rev,yield,10.37497770723693,6.128693372,1.0159871722145506,0.7873678934716053,yield_rev
147,3,rev,yield,1.9037022511807202,5.751007746,0.2795990234701436,0.759743952546915,yield_rev
148,3,rev,yield,392.14422923592775,7.040786402,2.5934458283492114,0.847621169223831,yield_rev
149,3,rev,yield,185.59147486705052,6.337736229,2.268558023050778,0.8019341602765636,yield_rev
150,3,rev,yield,368.8206627467277,5.924335006,2.566815243904122,0.7726396087862991,yield_rev
151,3,rev,yield,903.1899778894751,6.399526347,2.955779109860837,0.806147831406302,yield_rev
152,3,rev,yield,487.7819005584781,7.526849611,2.688225681518075,0.8766132387703798,yield_rev
153,3,rev,yield,307.62636999876497,6.264591602,2.488023560824078,0.7968927639528284,yield_rev
154,3,rev,yield,1748.4339874287755,6.138011629,3.2426492400558367,0.7880277069054724,yield_rev
155,3,rev,yield,647.0550016279069,6.237614919,2.810941198579423,0.795018559950535,yield_rev
156,3,rev,yield,516.5843685848197,5.685005636,2.71314126064476,0.7547308995747627,yield_rev
157,3,rev,yield,86.19802058818684,6.372910241,1.9354972929999092,0.8043378017196401,yield_rev
158,3,rev,yield,344.5271468326665,5.847192048,2.537223447593815,0.7669473582492802,yield_rev
159,3,rev,yield,17.506410770160763,6.367607644,1.2431971145302607,0.8039762954181515,yield_rev
160,3,rev,yield,92.22775909395637,6.473823045,1.9648616564860626,0.8111608242555642,yield_rev
161,3,rev,yield,65.22157986092543,6.482180053,1.8143913145032413,0.8117210900930332,yield_rev
162,3,rev,yield,449.6975066807703,6.537553747,2.652920479656479,0.8154152723425686,yield_rev
163,3,rev,yield,460.71145848546047,6.020889536,2.6634290138483423,0.7796606593702887,yield_rev
164,3,rev,yield,74.68053090472516,6.249569824,1.873207396692319,0.7958501246252454,yield_rev
165,3,rev,yield,802.1464142582788,6.071264161,2.9042536464648254,0.7832791294581543,yield_rev
166,3,rev,yield,566.6750372390466,6.441028795,2.7533340818348684,0.8089552406994064,yield_rev
167,3,rev,yield,556.7530828337926,6.528868348,2.7456626304730234,0.81483791131949,yield_rev
168,3,rev,yield,19.026384074687932,6.489447888,1.279356259352498,0.8122077492819222,yield_rev
169,3,rev,yield,255.17726709480652,6.320265306,2.406841981902429,0.800735309059832,yield_rev
170,3,rev,yield,557.8558922016939,6.518944088,2.7465220245566595,0.8141772561779068,yield_rev
171,3,rev,yield,270.4357887497507,6.281750325,2.4320641644442857,0.7980806708989037,yield_rev
172,3,rev,yield,606.7727203664303,6.635651073,2.7830260472949093,0.8218835411475602,yield_rev
173,3,rev,yield,23.897275968220878,6.479471929,1.3783483988814396,0.8115396127121781,yield_rev
174,3,rev,yield,487.9415013869931,6.359918214,2.688367758175479,0.8034515308312948,yield_rev
175,3,rev,yield,55.00519931698951,6.737346579,1.7404037427297983,0.8284888886731119,yield_rev
176,3,rev,yield,24.17392646130499,6.430193087,1.3833471966212798,0.8082240141932087,yield_rev
177,3,rev,yield,120.57900665636609,6.466202633,2.081271701776507,0.8106493100829701,yield_rev
178,3,rev,yield,437.3402226904696,6.14794465,2.640819421751888,0.7887299488882507,yield_rev
179,3,rev,yield,694.1029384567189,5.999279065,2.8414238829743765,0.7780990642329604,yield_rev
180,3,rev,yield,307.3574382747632,6.811645049,2.4876437278280985,0.8332520090385087,yield_rev
181,3,rev,yield,113.8330768847697,6.172951631,2.0562684748997495,0.7904928740071073,yield_rev
182,3,rev,yield,506.6551233522086,6.085770538,2.704712438643109,0.7843155733985704,yield_rev
183,3,rev,yield,30.26631820688934,6.20370801,1.4809595937453781,0.7926513486789626,yield_rev
184,3,rev,yield,224.99421523158838,6.677849984,2.352171352221156,0.8246366585259601,yield_rev
185,3,rev,yield,317.90857336745023,6.842878238,2.502302240138644,0.8352388122401835,yield_rev
186,3,rev,yield,16.279277983510816,6.627131306,1.2116351392060907,0.8213255755264078,yield_rev
187,3,rev,yield,228.27021295520242,6.61871369,2.3584492439773794,0.8207735949358446,yield_rev
188,3,rev,yield,44.75824638648789,7.172388845,1.6508730626733181,0.8556638264367254,yield_rev
189,3,rev,yield,18.96470866333745,6.435166544,1.2779461754397181,0.8085597910545836,yield_rev
190,3,rev,trap,645.0519761639441,23.112831554,2.8095947100643213,1.3638531541743626,trap_rev
191,3,rev,trap,1110.9842085642274,7.152740757,3.0457078859596276,0.8544724848173011,trap_rev
192,3,rev,trap,656.2018177704374,7.054080794,2.817037429107903,0.8484404295570772,trap_rev
193,3,rev,trap,282.7156538475093,8.158376583,2.451349855859094,0.9116037480691135,trap_rev
194,3,rev,trap,258.45580334726014,7.097932668,2.4123862882289773,0.8511318752518175,trap_rev
195,3,rev,trap,250.3637341019552,7.059000917,2.39857142030489,0.8487432383127419,trap_rev
196,3,rev,trap,732.5291351662723,8.973334162,2.8648249027330506,0.9529538409383701,trap_rev
197,3,rev,trap,525.7765009652375,9.804528474,2.7208011718631813,0.9914267121227185,trap_rev
198,3,rev,trap,469.7650537870861,12.162890917,2.671880706115638,1.0850368117855707,trap_rev
199,3,rev,trap,270.23042947653175,7.851800312,2.4317342514574967,0.8949692460350402,trap_rev
200,3,rev,trap,916.1731079505273,8.03285949,2.961977539961243,0.9048701703928393,trap_rev
201,3,rev,trap,706.4316057818342,7.404540654,2.8490701213588476,0.8694981219226218,trap_rev
202,3,rev,trap,308.4955802421247,7.24306627,2.4892489463588667,0.859922458770183,trap_rev
203,3,rev,trap,617.1041569989072,7.350173492,2.790358471962281,0.8662975902037886,trap_rev
204,3,rev,trap,589.0630364774936,7.471631091,2.770161771747184,0.873415420623236,trap_rev
205,3,rev,trap,622.0057702083391,7.173234613,2.7937944135622295,0.8557150354172025,trap_rev
206,3,rev,trap,788.4752765206526,7.057411229,2.896788080113886,0.8486454241199959,trap_rev
207,3,for,yield,441.0843661928277,1.559810607,2.6445216649048833,0.19307186929794282,yield_for
208,3,for,yield,218.16123043934257,1.418211807,2.3387775743812718,0.15174109667355087,yield_for
209,3,for,yield,13.676760856500046,1.383839106,1.1359832531795457,0.1410855991971166,yield_for
210,3,for,yield,129.56560412940848,1.534547706,2.112489724378595,0.18598039431916286,yield_for
211,3,for,yield,467.38575628198663,1.400134805,2.6696754730061576,0.14616985157051124,yield_for
212,3,for,yield,74.39729132403188,1.494123106,1.8715571239270532,0.1743863819866595,yield_for
213,3,for,yield,10.96126094968016,1.350241706,1.0398605169210131,0.13041151826243622,yield_for
214,3,for,yield,13.281599434126852,1.374354305,1.1232503780130765,0.13809870715636455,yield_for
215,3,for,yield,59.34297867530084,1.528677305,1.7733693416063674,0.18431581801620286,yield_for
216,3,for,yield,104.05355918793734,1.580205905,2.0172569399944957,0.19871368035884687,yield_for
217,3,for,yield,109.5493237975953,2.055991106,2.039609701185822,0.31302123161532147,yield_for
218,3,for,yield,87.77482520195414,1.456295505,1.943369973268094,0.16324950902186025,yield_for
219,3,for,yield,64.25796162532706,1.550778704,1.8079269448551931,0.19054982844634713,yield_for
220,3,for,yield,392.68467477048944,1.3955189,2.5940439524736694,0.144735722666373,yield_for
221,3,for,yield,1427.1929424693308,1.444362101,3.1544826894324096,0.15967608433627056,yield_for
222,3,for,yield,21.72761306375962,1.504671601,1.3370120185351304,0.17744172422471138,yield_for
223,3,for,yield,532.7422985323304,1.482963101,2.7265171801523826,0.1711303450732552,yield_for
224,3,for,yield,524.6672615899533,1.349218101,2.719883965752724,0.13008215901559572,yield_for
225,3,for,yield,103.30023456603048,1.388960302,2.0141013076824184,0.14268983330513313,yield_for
226,3,for,yield,2.161840373991715,1.430392103,0.3348236233573922,0.1554551037777717,yield_for
227,3,for,yield,10.280916657311531,1.485790504,1.012031838537097,0.17195757835405598,yield_for
228,3,for,yield,310.43635146656885,1.488570803,2.491972570566102,0.17276949643716286,yield_for
229,3,for,yield,50.21381881215133,1.426440203,1.7008232511687755,0.15425357055919872,yield_for
230,3,for,yield,105.84171196678986,1.72112401,2.0246568558555316,0.23581216313314637,yield_for
231,3,for,yield,37.55638758390804,1.786258218,1.5746838123527571,0.2519442398529621,yield_for
232,3,for,yield,585.8084023667034,1.821768319,2.7677555965625893,0.26049314531669526,yield_for
233,3,for,yield,286.42570559486967,1.740742718,2.4570119916282662,0.24073458707953954,yield_for
234,3,for,yield,103.00803214896396,2.18471732,2.012871090549511,0.3393952516926394,yield_for
235,3,for,yield,529.1501186195068,1.680120506,2.72357889781832,0.22534043244844268,yield_for
236,3,for,yield,100.79522975129802,1.628809806,2.0034399791163477,0.21187037526795532,yield_for
237,3,for,yield,20.446998725189623,1.627178506,1.3106295699108208,0.21143519886084322,yield_for
238,3,for,yield,147.87018662822203,1.463373105,2.1698806210014974,0.16535506897164964,yield_for
239,3,for,yield,56.11921716349673,1.480310006,1.749111604196221,0.17035267471703933,yield_for
240,3,for,yield,335.38329973392786,1.424449208,2.5255414333029402,0.15364696808683534,yield_for
241,3,for,yield,447.4039730449145,1.56641501,2.650699836407507,0.19490683605823308,yield_for
242,3,for,yield,4.483556019565528,1.497365209,0.6516226003994557,0.17532773815835367,yield_for
243,3,for,yield,54.662391279290894,1.503808409,1.737688626564192,0.17719250898547823,yield_for
244,3,for,yield,9.771220397433662,1.476599609,0.9899488092429602,0.16926274908633446,yield_for
245,3,for,yield,200.67973399029674,1.849055518,2.3025035166798977,0.2669499510721385,yield_for
246,3,for,yield,112.12241527382986,1.442747382,2.0496924445002955,0.15919029491347791,yield_for
247,3,for,yield,491.1007072565433,1.410385482,2.69117055957936,0.14933782884335056,yield_for
248,3,for,yield,17.3872125198179,1.445844582,1.2402299624342434,0.16012161190222463,yield_for
249,3,for,yield,40.333780670990095,1.359002483,1.605668932337247,0.13322025022198178,yield_for
250,3,for,yield,128.25101017475052,1.489043982,2.108060794537009,0.1729075257292107,yield_for
251,3,for,yield,93.90730562760909,1.287546286,1.9726993800226464,0.1097628504457071,yield_for
252,3,for,yield,196.67109383780522,1.172460988,2.293740533232763,0.06909840108588668,yield_for
253,3,for,yield,144.13374914598495,1.299169386,2.15876568346318,0.11366577817795204,yield_for
254,3,for,yield,287.12292005801095,1.425838385,2.4580678621496204,0.15407030217756987,yield_for
255,3,for,yield,31.18425193483235,1.501689084,1.4939353304146927,0.17658002382616123,yield_for
256,3,for,yield,126.40212540759032,1.465805684,2.101754376517789,0.16607640143747943,yield_for
257,3,for,yield,39.018656089135746,1.380542186,1.5912723070081733,0.1400496821575246,yield_for
258,3,for,yield,192.1440043142972,1.456543185,2.283626837232105,0.16332336553709148,yield_for
259,3,for,yield,141.45940300346425,1.370472186,2.1506318209113635,0.1368702258738416,yield_for
260,3,for,yield,121.48729042518595,1.271425487,2.084530845943181,0.10429091305048371,yield_for
261,3,for,yield,416.5884882571544,1.393569786,2.619707264758461,0.14412872182280023,yield_for
262,3,for,yield,61.72397554172467,1.415154885,1.7904538904991805,0.15080397485654068,yield_for
263,3,for,yield,1016.150079358478,1.529496474,3.006957855412219,0.18454848012808012,yield_for
264,3,for,yield,1864.4824181058489,1.405101476,3.2705582923604455,0.14770768998873535,yield_for
265,3,for,yield,108.16572362544228,1.410539176,2.034089660043364,0.14938515265682314,yield_for
266,3,for,yield,1471.6733535048766,1.531226274,3.1678114265010633,0.18503937246732974,yield_for
267,3,for,yield,1081.3110862815925,1.479834175,3.033950655673463,0.17021305261300476,yield_for
268,3,for,yield,279.06053794341506,1.456964579,2.445698427082975,0.16344899354635553,yield_for
269,3,for,yield,153.06956502879592,1.600003181,2.1848888480855124,0.20412084608678327,yield_for
270,3,for,yield,416.82726899961574,1.366958383,2.619956122932236,0.13575529268883016,yield_for
271,3,for,yield,149.74339107907355,1.543826481,2.1753476639079117,0.18859848603921706,yield_for
272,3,for,yield,111.4439484189091,1.435783283,2.0470564905853896,0.15708889248285968,yield_for
273,3,for,yield,341.6338266614328,1.493700885,2.533560865544721,0.17426363830951078,yield_for
274,3,for,yield,22.33573641059977,1.450757795,1.3490002757596198,0.16159491273054807,yield_for
275,3,for,yield,812.7067223254102,1.342720395,2.909933852046121,0.1279855856017151,yield_for
276,3,for,yield,789.7621169820723,1.433075194,2.8974962978226215,0.15626897859170033,yield_for
277,3,for,yield,15.105246025539437,1.462254695,1.1791278032050652,0.16502302446813064,yield_for
278,3,for,yield,81.96175728721353,1.522341494,1.9136112612464644,0.182512084973392,yield_for
279,3,for,yield,183.0806741716719,1.378776364,2.2626425029932884,0.13949382980382502,yield_for
280,3,for,yield,30.567487612207056,1.545238497,1.485259744876109,0.18899551931901937,yield_for
281,3,for,yield,0.08293947289623037,1.453352792,-1.0812387290272933,0.16237104927483087,yield_for
282,3,for,trap,229.53278418852813,12.950091992,2.360844724624113,1.1122728534733386,trap_for
283,3,for,trap,541.0640218784814,1.577236167,2.7332486564254115,0.19789672715621887,trap_for
284,3,for,trap,571.1840057597067,1.526598674,2.756776037865537,0.18372488081858163,trap_for
285,3,for,trap,329.06544201592635,1.624827672,2.5172822757011235,0.210807306811427,trap_for
286,3,for,trap,132.05364456617863,1.544012573,2.120750391859777,0.1886508325037904,trap_for
287,3,for,trap,600.2148125626115,1.470518575,2.7783067090742137,0.16747051471119523,trap_for
288,3,for,trap,622.2408255239245,1.563087315,2.793958501980177,0.19398323864845038,trap_for
289,3,for,trap,542.0134263088676,1.722215399,2.7340100446557907,0.23608746810885883,trap_for
290,3,for,trap,865.5755140485153,1.479338355,2.937304962337327,0.1700675174068961,trap_for
291,3,for,trap,487.95860654876066,1.660939513,2.688382982433183,0.22035381688929467,trap_for
292,3,for,trap,677.3641641739142,1.601498327,2.8308222166469594,0.20452648931576456,trap_for
293,3,for,trap,939.7811974916224,1.535784272,2.973026751702764,0.18633021565652555,trap_for
294,3,for,trap,808.8850397111994,1.575243785,2.907886803235598,0.19734777481595056,trap_for
295,3,for,trap,242.8072397302192,1.49266148,2.3852616318596023,0.1739613254492358,trap_for
296,3,for,trap,447.65056030387086,1.608175387,2.650939132415944,0.20633341098745256,trap_for
297,3,for,trap,228.6682325142511,1.649898589,2.3592058349082428,0.21745725112832787,trap_for
298,3,for,trap,378.9167426299915,1.598128108,2.578543795222668,0.2036115899763941,trap_for
299,3,for,trap,380.0475250101814,1.553054672,2.5798379086144734,0.1911867444149626,trap_for
300,3,for,trap,457.49464826648534,1.448815798,2.6603860180922414,0.1610131729125858,trap_for
301,3,for,trap,235.54791817447264,1.488300216,2.372079270198815,0.17269054478588317,trap_for
302,3,for,trap,712.7184251596242,1.525046815,2.852917986300418,0.18328317560680785,trap_for
303,3,for,trap,477.5826352592111,1.480143788,2.6790485276099973,0.170303906815027,trap_for
304,3,for,trap,418.7474346532405,1.603598344,2.6219521594613684,0.20509559909255645,trap_for
305,3,for,trap,439.62988422197844,1.53965773,2.6430872062982615,0.18742418674990857,trap_for
306,3,for,trap,232.6735074701176,1.561861435,2.3667469367266345,0.19364250157441962,trap_for
307,3,for,trap,320.2137637308409,1.58066834,2.5054399952406428,0.19884075467728232,trap_for
308,3,for,trap,390.77791944680314,1.501200025,2.591930016322765,0.1764385629735001,trap_for
309,3,for,trap,409.7457630451031,1.570459956,2.6125144714660986,0.19602686712105644,trap_for
310,3,for,trap,870.8783398445358,1.523125145,2.9399574890781746,0.18273558787320454,trap_for
311,3,for,trap,339.382906615474,1.656422775,2.530689964824552,0.2191711932073185,trap_for
312,3,for,trap,532.5693688251274,1.729978891,2.7263761840090823,0.23804080395067476,trap_for
313,3,for,trap,174.47148431737523,1.57814955,2.241724455847658,0.19814815582036382,trap_for
314,3,for,trap,363.46634415414405,1.510308899,2.5604642027470748,0.17906578134036083,trap_for
315,3,for,trap,436.2722277320273,1.638959333,2.6397575674983407,0.21456817768715078,trap_for
316,3,for,trap,548.5377632088157,1.552426937,2.7392065312519636,0.19101116981196345,trap_for
317,3,for,trap,310.56829451772194,1.608691134,2.492157117140026,0.20647266829055488,trap_for
318,3,for,trap,804.7631732167474,1.571244002,2.9056680944083104,0.1962436328399016,trap_for
319,3,for,trap,550.7715303446876,1.573975175,2.740971483266523,0.19699787831177795,trap_for
320,3,for,trap,461.2129221130031,1.518965183,2.663901466714061,0.18154781928459582,trap_for
321,3,for,trap,492.7255057364624,1.672106061,2.6926050439349445,0.2232638210971224,trap_for
322,3,for,trap,828.4624315516187,1.565710223,2.9182728191648217,0.1947113872256268,trap_for
323,3,for,trap,352.190235178765,1.567081429,2.546777310555821,0.19509156395203045,trap_for
324,3,for,trap,643.5496823894878,1.503362492,2.808582080307555,0.17706371065623006,trap_for
325,3,for,trap,346.87516541620107,1.607584627,2.540173207571115,0.20617384447135784,trap_for
326,3,for,trap,385.72188717581014,1.633224834,2.5862742829157876,0.21304597496585384,trap_for
327,3,for,trap,790.9063592529756,1.746144544,2.898125067483671,0.2420801912958456,trap_for
328,3,for,trap,405.7552296443756,1.556925161,2.60826412601166,0.19226773720146437,trap_for
329,3,for,trap,1207.1035668666334,1.603975591,3.0817445332200517,0.20519775498638157,trap_for
330,3,for,trap,188.61823217151718,1.705624997,2.27558367010216,0.23188355225009724,trap_for
331,3,for,trap,83.71488387857013,1.622340791,1.9228026791602149,0.21014208791753844,trap_for
332,3,for,trap,444.296969838096,1.539730587,2.6476733513073087,0.18744473719033158,trap_for
333,3,for,trap,357.18352353238834,1.757998492,2.552891417170587,0.24501849820285004,trap_for
334,3,for,trap,729.3948846147472,1.477470569,2.8629627131985216,0.1695188385562026,trap_for
335,3,for,trap,189.352027143233,1.591631875,2.277269958901828,0.20184262801016004,trap_for
336,3,for,trap,241.63899647392276,1.628654277,2.3831670234374043,0.21182890412058045,trap_for
337,3,for,trap,805.4124507414327,1.582300274,2.9060183390117955,0.19928890328728321,trap_for
338,3,for,trap,409.6886389502059,1.549755666,2.6124539207272544,0.1902632328332812,trap_for
339,3,for,trap,1033.7641421665749,1.509731457,3.0144214638644913,0.17889970417071174,trap_for
340,3,for,trap,671.3204657360034,1.811577868,2.826929887197928,0.25805700627886685,trap_for
341,3,for,trap,377.53103926631115,1.473681655,2.5769526635888353,0.16840367727557412,trap_for
342,3,for,trap,574.5901095046421,1.662636162,2.7593581461520555,0.22079722208567784,trap_for
343,3,for,trap,1281.77468017514,1.674659139,3.1078116883989084,0.22392642384102035,trap_for
344,3,for,trap,576.250548759403,1.581861667,2.7606113519735263,0.19916850199013347,trap_for
345,3,for,trap,313.9364775250375,1.587558766,2.4968417810311347,0.20072981035907073,trap_for
346,3,for,trap,459.3625381329906,1.605846962,2.6621555747825836,0.205704154438412,trap_for
347,3,for,trap,607.1004326772893,1.7249948,2.7832605423924552,0.23678779022975102,trap_for
348,3,for,trap,508.8778371339198,1.667298085,2.7066135367054045,0.22201325135626276,trap_for
349,3,for,trap,227.361749999994,1.570391046,2.3567174033544,0.19600781035412684,trap_for
350,3,for,trap,31.75430150872249,1.771793326,1.501802564115124,0.24841306144916728,trap_for
351,3,for,trap,279.3544981956194,1.663689536,2.4461556688080783,0.22107228506652057,trap_for
352,3,for,trap,583.7035109180092,2.413812168,2.766192305555718,0.3827034722340235,trap_for
353,3,for,trap,926.3006978198705,1.689978397,2.966751991223142,0.2278811530612133,trap_for
354,3,for,trap,879.3854768464321,2.192879716,2.944179288918965,0.3410148103778718,trap_for
355,3,for,trap,271.81868657298634,1.859548338,2.4342793096318402,0.26940747210279653,trap_for
356,3,for,trap,331.224163299423,1.787393172,2.520122011702271,0.2522200945585248,trap_for
357,3,for,trap,428.8001049939894,1.748520732,2.6322548830240433,0.24267078605322479,trap_for
358,3,for,trap,775.3251116689323,1.743753241,2.8894838503730083,0.2414850278131468,trap_for
359,3,for,trap,279.4442971836299,1.726821658,2.446295251089327,0.237247486990776,trap_for
360,3,for,trap,856.7711605137181,1.62964916,2.9328648394291355,0.2120941171179707,trap_for
361,3,for,trap,524.3840298533503,1.65154617,2.7196494567553113,0.21789071916939637,trap_for
362,3,for,trap,221.02520081007674,2.762712626,2.3444417938154003,0.44133571248319736,trap_for
363,3,for,trap,698.8953641027791,2.396131676,2.844412159730858,0.3795106804071228,trap_for
364,3,for,trap,174.1947802833474,2.22519333,2.2410351373071062,0.3473677494763512,trap_for
365,4,rev,yield,1798.5973293255618,18.31612312,3.254933944209192,1.2628335541697513,yield_rev
366,4,rev,yield,3.413036016292025,16.724878802,0.5331408712245383,1.2233629793060292,yield_rev
367,4,rev,yield,1370.9351332205842,17.911660849,3.1370169063206426,1.2531358574355185,yield_rev
368,4,rev,yield,155.93900925652133,18.330401276,2.1929547706452523,1.2631719723296464,yield_rev
369,4,rev,yield,1087.006161582124,18.453015522,3.0362320058466734,1.2660673470561568,yield_rev
370,4,rev,yield,22.361687632450373,19.08175322,1.3495045765758775,1.2806182749168904,yield_rev
371,4,rev,yield,122.56747727929356,19.63256703,2.088375247409956,1.292977088905943,yield_rev
372,4,rev,yield,43.41085139590425,17.070492085,1.6375983035285682,1.232246040547647,yield_rev
373,4,rev,yield,56.789078889246724,16.909382218,1.754264824546083,1.2281277409972273,yield_rev
374,4,rev,yield,167.0168372563161,25.875048373,2.2227602553326844,1.412881170372504,yield_rev
375,4,rev,yield,986.6402265118678,21.910113766,2.994158818196856,1.3406446325957466,yield_rev
376,4,rev,trap,40197.48119019299,50.212662507,4.6041988406597945,1.7008132502817574,trap_rev
377,4,rev,trap,37414.063364758,19.615500593,4.573034877432666,1.2925993959222686,trap_rev
378,4,rev,trap,54945.732630565566,16.553699146,4.739933968516307,1.21889505788111,trap_rev
379,4,rev,trap,28963.4021901095,17.172486184,4.461849574983918,1.2348331756401163,trap_rev
380,4,rev,trap,20320.27938551692,17.345370618,4.307929674810414,1.2391835838340426,trap_rev
381,4,rev,trap,19890.272338693987,17.5921487,4.298640729548884,1.2453188873006946,trap_rev
382,4,rev,trap,87014.17457765706,21.246385821,4.939590004796001,1.327285063727931,trap_rev
383,4,rev,trap,78731.96884601806,21.261354585,4.896151111956056,1.3275909304624471,trap_rev
384,4,rev,trap,59530.875871648605,21.161355032,4.774742272328766,1.3255434735748088,trap_rev
385,4,rev,trap,35638.584138394996,18.034144845,4.5519204419109505,1.2560955534798368,trap_rev
386,4,rev,trap,34729.795135535416,17.891238071,4.540702221497663,1.2526403947204827,trap_rev
387,4,rev,trap,64326.05283002648,22.181847725,4.808386903075607,1.3459977196016326,trap_rev
388,4,rev,trap,84647.43141498478,18.115059268,4.927613784190693,1.258039759277166,trap_rev
389,4,rev,trap,53894.16356630501,21.627676912,4.7315417360922805,1.3350098731847215,trap_rev
390,4,rev,trap,59728.68448522908,18.25796085,4.776182949585555,1.261452271498126,trap_rev
391,4,for,yield,411.0498209752441,17.943644492,2.6138944633926924,1.2539106562117739,yield_for
392,4,for,yield,193.3163944449757,3.742770771,2.286268686491394,0.5731932292147883,yield_for
393,4,for,yield,955.8879554314335,3.323988174,2.980406989358099,0.5216594699930363,yield_for
394,4,for,yield,470.8501882249343,2.462946382,2.6728827483673494,0.3914549574115777,yield_for
395,4,for,yield,479.8281767659997,2.71609868,2.6810857472889396,0.4339455444747931,yield_for
396,4,for,yield,781.0860812601981,3.6922809,2.89269889886603,0.5672947337079826,yield_for
397,4,for,yield,862.0507172040246,3.559534789,2.935532817511368,0.5513932418570626,yield_for
398,4,for,yield,67.61636450374225,4.285967811,1.830051816556809,0.632048905026488,yield_for
399,4,for,yield,352.36111268800624,3.3763041,2.5469879727340277,0.5284415561420402,yield_for
400,4,for,yield,109.8632800061547,2.789384183,2.040852560890593,0.44550833393846084,yield_for
401,4,for,yield,53.45006277561621,3.082254136,1.7279482196119196,0.4888684440229768,yield_for
402,4,for,yield,15.072498415078329,2.542217533,1.1781852468699314,0.4052127096088067,yield_for
403,4,for,yield,123.99360284728124,2.418237922,2.0933992793574534,0.38349902734712915,yield_for
404,4,for,yield,431.02952866544274,3.180962582,2.634507023518449,0.5025585604853887,yield_for
405,4,for,trap,32028.471213554305,16.158837921,4.505536209367449,1.2084101248392947,trap_for
406,4,for,trap,46379.39985936513,2.462126188,4.666325124650127,0.39131030746925893,trap_for
407,4,for,trap,110415.64064079926,2.329972294,5.043030596607607,0.36735075680522256,trap_for
408,4,for,trap,87261.64495794314,2.328516392,4.940823395556877,0.36707929957177343,trap_for
409,4,for,trap,75128.48536541687,2.50847073,4.875804633295071,0.3994090378438785,trap_for
410,4,for,trap,65556.26577387478,2.733975642,4.8166142072537275,0.4367946409589014,trap_for
411,4,for,trap,37759.570350694565,2.654243227,4.577027044010987,0.4239407178139831,trap_for
412,4,for,trap,7274.533032131658,2.684400714,3.861805120258984,0.4288473456584174,trap_for
413,4,for,trap,87899.45284308273,2.636603012,4.943986171683902,0.4210447438712422,trap_for
414,4,for,trap,32498.29603790207,2.68086199,4.511860590494669,0.4282744572039947,trap_for
415,4,for,trap,54020.33315327748,2.604285582,4.732557258233214,0.4156886065805604,trap_for
416,4,for,trap,4521.765248946671,2.618509686,3.655308011849794,0.4180541847177688,trap_for
417,4,for,trap,76463.0058261126,2.9166989,4.883451366505864,0.46489159785057566,trap_for
418,4,for,trap,64079.35359750779,2.557464501,4.80671812213905,0.4078096141821212,trap_for
419,4,for,trap,50063.923133322656,2.560119302,4.699524878999636,0.4082602039810029,trap_for
420,4,for,trap,74972.95302999842,2.776834258,4.874904617146975,0.4435499586180462,trap_for
421,4,for,trap,73546.75984548336,2.5924042,4.866563544334469,0.4137027163898722,trap_for
422,4,for,trap,122170.44162121946,2.403986957,5.08696614376583,0.38093210704189406,trap_for
423,4,for,trap,23788.27104557595,2.622000244,4.376362878243557,0.4186327277689582,trap_for
424,4,for,trap,38027.53295958386,2.823372126,4.5800981514228125,0.45076812278648626,trap_for
425,4,for,trap,47024.9271080253,2.68344079,4.672328131035666,0.4286920170406183,trap_for
426,4,for,trap,71122.5133688735,2.795213666,4.852007095585129,0.4464150109409025,trap_for
427,4,for,trap,9686.58365349073,2.719371966,3.9861706333925073,0.43446861609523646,trap_for
428,4,for,trap,50143.09400806587,2.690781665,4.700211127970288,0.42987845973603034,trap_for
429,4,for,trap,3297.4068404300147,2.893109048,3.5181725345417685,0.4613648035242764,trap_for
430,4,for,trap,9754.947971261417,2.835842243,3.989224957394881,0.4526820675194125,trap_for
431,4,for,trap,93716.83671669831,2.481055337,4.971817621157665,0.3946364508041455,trap_for
432,4,for,trap,8520.369737562503,2.455268821,3.9304584411867776,0.3900990488359721,trap_for
433,4,for,trap,46392.871550222284,2.765434423,4.666451254601532,0.44176336446242237,trap_for
434,4,for,trap,65690.46066945209,2.728770222,4.817502307468299,0.43596696713972305,trap_for
435,4,for,trap,52616.80418888966,2.600402993,4.721124466606411,0.4150406572300164,trap_for
436,4,for,trap,43173.473835227785,2.729993293,4.635216994377219,0.43616158007494354,trap_for
437,4,for,trap,32617.762941699097,2.72016429,4.513454172050941,0.43459513494806457,trap_for
438,4,for,trap,29309.703872056885,2.593834265,4.467011430605569,0.41394222306053347,trap_for
439,4,for,trap,37176.18895732577,2.547007966,4.5702648668873,0.40603030326139,trap_for
440,4,for,trap,67080.97086245431,2.461109766,4.826599339520741,0.3911309837576671,trap_for
441,4,for,trap,25564.55385614613,2.561828612,4.407638217969868,0.40855007179726527,trap_for
442,4,for,trap,47759.332514576876,2.521159711,4.6790582484550285,0.401600358333719,trap_for
443,4,for,trap,41362.14969713413,2.640056112,4.616603102071908,0.4216131575035412,trap_for
444,4,for,trap,108169.28041869031,2.435957818,5.034103940632748,0.38666976361254224,trap_for
445,4,for,trap,72296.39870830125,2.517381319,4.859116664375222,0.4009490050574873,trap_for
446,4,for,trap,27064.767973914535,2.64199882,4.43240430823918,0.4219326193089387,trap_for
447,4,for,trap,56640.45005898326,2.478069725,4.753126695553118,0.394113521877308,trap_for
448,4,for,trap,55875.61390996929,2.520828659,4.747222307795426,0.40154332763611367,trap_for
449,4,for,trap,92644.36347861744,2.580817665,4.966819001802806,0.4117573226835127,trap_for
450,4,for,trap,46162.42812904671,2.519759982,4.664288644500189,0.40135917433020174,trap_for
451,4,for,trap,40556.434044336645,2.557987633,4.60805976232751,0.407898440481634,trap_for
452,4,for,trap,98871.55958394222,2.487470332,4.9950713847008785,0.3957579096286068,trap_for
453,4,for,trap,44833.97277274529,2.533001195,4.651607223738342,0.40363539467873727,trap_for
454,4,for,trap,7064.085288113794,2.632361466,3.8490559340482196,0.4203455247255673,trap_for
455,4,for,trap,64823.13352859739,2.465187487,4.811730020853644,0.3918499546368286,trap_for
456,4,for,trap,25740.367648941272,2.588174664,4.410614745628438,0.412993581522071,trap_for
457,5,rev,yield,108.89761745024913,175.501640019,2.037018378015381,2.2442811791942874,yield_rev
458,5,rev,yield,1149.5436990367018,126.683926762,3.0605254852962744,2.10272151652998,yield_rev
459,5,rev,yield,745.8217328895687,126.200108281,2.8726350343437357,2.101059727537439,yield_rev
460,5,rev,yield,1582.3951910088308,133.58899284,3.1993149544088793,2.1257706756112027,yield_rev
461,5,rev,yield,2343.3353442547327,128.638385287,3.369834442987939,2.109370580025746,yield_rev
462,5,rev,yield,2609.5974510987553,127.650793716,3.4165735195031113,2.106023519535156,yield_rev
463,5,rev,yield,3259.4303495129207,104.166319336,3.5131417050738922,2.017727318857615,yield_rev
464,5,rev,yield,1256.5717107231153,129.834304961,3.099187278191361,2.1133894573861363,yield_rev
465,5,rev,yield,402.08194852002515,129.729577424,2.604314575878038,2.1130390034364375,yield_rev
466,5,rev,yield,7126.646955798857,134.214326136,3.852885244983832,2.1277988752200243,yield_rev
467,5,rev,trap,108.89761745024913,175.501640019,2.037018378015381,2.2442811791942874,trap_rev
468,5,rev,trap,1149.5436990367018,126.683926762,3.0605254852962744,2.10272151652998,trap_rev
469,5,rev,trap,745.8217328895687,126.200108281,2.8726350343437357,2.101059727537439,trap_rev
470,5,rev,trap,1582.3951910088308,133.58899284,3.1993149544088793,2.1257706756112027,trap_rev
471,5,rev,trap,2343.3353442547327,128.638385287,3.369834442987939,2.109370580025746,trap_rev
472,5,rev,trap,2609.5974510987553,127.650793716,3.4165735195031113,2.106023519535156,trap_rev
473,5,rev,trap,3259.4303495129207,104.166319336,3.5131417050738922,2.017727318857615,trap_rev
474,5,rev,trap,1256.5717107231153,129.834304961,3.099187278191361,2.1133894573861363,trap_rev
475,5,rev,trap,402.08194852002515,129.729577424,2.604314575878038,2.1130390034364375,trap_rev
476,5,rev,trap,7126.646955798857,134.214326136,3.852885244983832,2.1277988752200243,trap_rev
477,5,for,yield,98.30249452665025,29.168205154,1.992564538640003,1.4649097059233807,yield_for
478,5,for,yield,424.11321102925626,9.890668152,2.6274818008439227,0.9952256308211685,yield_for
479,5,for,yield,444.77476361786563,10.154538675,2.6481401375388565,1.0066601980064278,yield_for
480,5,for,yield,586.0221594878836,9.359614046,2.7679140384777394,0.971257940495758,yield_for
481,5,for,yield,98.46243966605263,12.087876356,1.993270592358714,1.0823500090591662,yield_for
482,5,for,yield,3062.434146206434,11.145834909,3.4860667585165372,1.0471126060410767,yield_for
483,5,for,yield,37.644317475297164,9.386029071,1.5756994274057752,0.972481895002763,yield_for
484,5,for,yield,5619.770703420196,9.758163233,3.7497185959479107,0.9893680786459167,yield_for
485,5,for,yield,14940.052547085426,9.643085633,4.1743521249806586,0.9842160234216267,yield_for
486,5,for,yield,196.9182189738432,10.420697972,2.2942858991435275,1.0178968087174711,yield_for
487,5,for,yield,245.33248083516673,10.792290577,2.3897550505041427,1.0331136299819326,yield_for
488,5,for,yield,1324.6490819364037,12.895205228,3.1221008428286616,1.1104282583528766,yield_for
489,5,for,yield,382.7033195265533,11.400968913,2.582862229263465,1.0569417614845635,yield_for
490,5,for,trap,98.30249452665025,29.168205154,1.992564538640003,1.4649097059233807,trap_for
491,5,for,trap,424.11321102925626,9.890668152,2.6274818008439227,0.9952256308211685,trap_for
492,5,for,trap,444.77476361786563,10.154538675,2.6481401375388565,1.0066601980064278,trap_for
493,5,for,trap,586.0221594878836,9.359614046,2.7679140384777394,0.971257940495758,trap_for
494,5,for,trap,98.46243966605263,12.087876356,1.993270592358714,1.0823500090591662,trap_for
495,5,for,trap,3062.434146206434,11.145834909,3.4860667585165372,1.0471126060410767,trap_for
496,5,for,trap,37.644317475297164,9.386029071,1.5756994274057752,0.972481895002763,trap_for
497,5,for,trap,5619.770703420196,9.758163233,3.7497185959479107,0.9893680786459167,trap_for
498,5,for,trap,14940.052547085426,9.643085633,4.1743521249806586,0.9842160234216267,trap_for
499,5,for,trap,196.9182189738432,10.420697972,2.2942858991435275,1.0178968087174711,trap_for
500,5,for,trap,245.33248083516673,10.792290577,2.3897550505041427,1.0331136299819326,trap_for
501,5,for,trap,1324.6490819364037,12.895205228,3.1221008428286616,1.1104282583528766,trap_for
502,5,for,trap,382.7033195265533,11.400968913,2.582862229263465,1.0569417614845635,trap_for
